Id,Type,Img,FirstName,LastName,Email
1,Doctor,https://i.ibb.co/hYzd75J/doctor1.jpg,John,Doe,johndoe@example.com
2,Doctor,https://i.ibb.co/dpdTRTT/doctor2.jpg,Jane,Smith,janesmith@example.com
3,Doctor,https://i.ibb.co/NpJ0VRR/doctor3.jpg,Michael,Johnson,michaeljohnson@example.com
4,Doctor,https://i.ibb.co/7jPrgth/doctor4.jpg,Emily,Williams,emilywilliams@example.com
5,Doctor,https://i.ibb.co/qDVZwp8/doctor5.jpg,David,Brown,davidbrown@example.com
6,Patient,https://i.ibb.co/TgVQK0r/patient1.jpg,Merry,Harris,merryharris@example.com
7,Patient,https://i.ibb.co/cvC2t5H/patient2.jpg,James,Taylor,jamestaylor@example.com
8,Patient,https://i.ibb.co/VVMCcBw/patient3.jpg,Jessica,Anderson,jessicaanderson@example.com
9,Patient,https://i.ibb.co/nDRNfsD/patient4.jpg,Christopher,Lee,christopherlee@example.com
10,Patient,https://i.ibb.co/L1Z8743/patient5.jpg,Amanda,Thomas,amandathomas@example.com
11,Patient,https://i.ibb.co/qr0bbj6/patient6.jpg,Martha,Harris,marthaharris@example.com
12,Patient,https://i.ibb.co/xGnCRdy/patient7.jpg,Olivia,Clark,oliviaclark@example.com
13,Patient,https://i.ibb.co/ZWL1brv/patient8.jpg,Daniel,Lewis,daniellewis@example.com
14,Patient,https://i.ibb.co/yX45HX0/patient9.jpg,Sophia,Martin,sophiamartin@example.com
15,Patient,https://i.ibb.co/L52phL0/patient10.jpg,Andrew,Turner,andrewturner@example.com
16,Patient,https://i.ibb.co/1TdGwTg/patient11.jpg,Elizabeth,Scott,elizabethscott@example.com
17,Patient,https://i.ibb.co/8jHNjp1/patient12.jpg,Joshua,Young,joshuayoung@example.com
18,Patient,"https://i.ibb.co/mh5CcP6/patient13.jpg
",Madison,Walker,madisonwalker@example.com
19,Patient,"https://i.ibb.co/f85bqcb/patient14.jpg
",Christopher,Green,christophergreen@example.com
20,Patient,"https://i.ibb.co/b54NTjJ/patient15.jpg
",Isabella,Baker,isabellabaker@example.com
43,Patient,"https://i.ibb.co/xJGLf4Y/patient16.jpg
",Sophia,Harris,sophiaharris@example.com
74,Patient,"https://i.ibb.co/WFPLDJS/patient17.jpg
",Natally,Morgan,natallymorgan@example
75,Patient,"https://i.ibb.co/CWMZY5P/patient18.jpg
",Sam,Krowly,samkrowly@example
76,Patient,"https://i.ibb.co/QFm740J/patient19.jpg
",Harry,White,harrywhite@example
77,Patient,,Mariana,Mena,MARIANA1MENA1@GMAIL.COM
78,Patient,,Sany,Yousif,sanymamdoh@yahoo.com
79,Patient,,SanyM,Yousif,sanymamdoh@example.com
